{
  "project_info": {
    "project_number": "659438464978",
    "firebase_url": "https://maziwa-plus.firebaseio.com",
    "project_id": "maziwa-plus",
    "storage_bucket": "maziwa-plus.appspot.com"
  },
  "client": [
    {
      "client_info": {
        "mobilesdk_app_id": "1:659438464978:android:38bfc6ff6659e5ec",
        "android_client_info": {
          "package_name": "net.novacent.maziwaplus"
        }
      },
      "oauth_client": [
        {
          "client_id": "659438464978-qj3s4lcss1d0c7ct8f7mon86586h4flq.apps.googleusercontent.com",
          "client_type": 1,
          "android_info": {
            "package_name": "net.novacent.maziwaplus",
            "certificate_hash": "49a2e6b9a7b393c5eb7504b2e2ac35de3167c0f5"
          }
        },
        {
          "client_id": "659438464978-0fvfud2n411anh7sc6r352g3pfpvh35d.apps.googleusercontent.com",
          "client_type": 3
        }
      ],
      "api_key": [
        {
          "current_key": "AIzaSyDWZJhcb8UPSefpRRYeTjrXy5XFKGVPeww"
        }
      ],
      "services": {
        "analytics_service": {
          "status": 1
        },
        "appinvite_service": {
          "status": 2,
          "other_platform_oauth_client": [
            {
              "client_id": "659438464978-0fvfud2n411anh7sc6r352g3pfpvh35d.apps.googleusercontent.com",
              "client_type": 3
            }
          ]
        },
        "ads_service": {
          "status": 2
        }
      }
    }
  ],
  "configuration_version": "1"
}